Line,Class
25,org/apache/commons/math3/optimization/linear/Relationship
27,org/apache/commons/math3/optimization/GoalType
28,org/apache/commons/math3/optimization/linear/Relationship
30,org/apache/commons/math3/optimization/GoalType
31,org/apache/commons/math3/optimization/linear/Relationship
33,org/apache/commons/math3/optimization/GoalType
34,org/apache/commons/math3/optimization/linear/Relationship
35,org/apache/commons/math3/optimization/linear/SimplexSolverTest
37,org/apache/commons/math3/linear/ArrayRealVector
38,org/apache/commons/math3/optimization/linear/NoFeasibleSolutionException
38,org/apache/commons/math3/optimization/linear/UnboundedSolutionException
39,org/apache/commons/math3/exception/util/LocalizedFormats
39,org/apache/commons/math3/optimization/linear/SimplexSolverTest
41,org/apache/commons/math3/linear/ArrayRealVector
41,org/apache/commons/math3/optimization/linear/SimplexSolverTest
41,org/apache/commons/math3/optimization/PointValuePair
42,org/apache/commons/math3/exception/util/ArgUtils
42,org/apache/commons/math3/optimization/linear/Relationship
42,org/apache/commons/math3/optimization/linear/SimplexSolverTest
42,org/apache/commons/math3/util/Pair
43,org/apache/commons/math3/exception/util/ArgUtils
43,org/apache/commons/math3/optimization/linear/Relationship
43,org/apache/commons/math3/optimization/linear/SimplexSolverTest
43,org/apache/commons/math3/util/Pair
44,org/apache/commons/math3/exception/util/ArgUtils
44,org/apache/commons/math3/exception/util/LocalizedFormats
44,org/apache/commons/math3/linear/AbstractRealMatrix
44,org/apache/commons/math3/optimization/linear/SimplexSolverTest
44,org/apache/commons/math3/util/Pair
45,org/apache/commons/math3/exception/MathIllegalStateException
45,org/apache/commons/math3/exception/util/LocalizedFormats
46,org/apache/commons/math3/exception/MathIllegalStateException
46,org/apache/commons/math3/exception/util/LocalizedFormats
46,org/apache/commons/math3/optimization/linear/SimplexSolverTest
47,org/apache/commons/math3/exception/MathIllegalStateException
47,org/apache/commons/math3/exception/util/LocalizedFormats
47,org/apache/commons/math3/optimization/linear/SimplexSolverTest
48,org/apache/commons/math3/exception/util/LocalizedFormats
48,org/apache/commons/math3/optimization/linear/SimplexSolverTest
49,org/apache/commons/math3/exception/util/LocalizedFormats
50,org/apache/commons/math3/exception/util/LocalizedFormats
50,org/apache/commons/math3/optimization/linear/SimplexSolverTest
51,org/apache/commons/math3/exception/util/LocalizedFormats
51,org/apache/commons/math3/optimization/linear/SimplexSolver
52,org/apache/commons/math3/exception/util/LocalizedFormats
53,org/apache/commons/math3/exception/util/LocalizedFormats
53,org/apache/commons/math3/linear/AbstractRealMatrix
53,org/apache/commons/math3/linear/RealLinearOperator
54,org/apache/commons/math3/exception/util/ArgUtils
54,org/apache/commons/math3/exception/util/LocalizedFormats
54,org/apache/commons/math3/linear/AbstractRealMatrix
54,org/apache/commons/math3/util/CompositeFormat
55,org/apache/commons/math3/exception/util/LocalizedFormats
55,org/apache/commons/math3/optimization/PointValuePair
55,org/apache/commons/math3/util/CompositeFormat
56,org/apache/commons/math3/exception/util/LocalizedFormats
56,org/apache/commons/math3/linear/Array2DRowRealMatrix
56,org/apache/commons/math3/util/CompositeFormat
57,org/apache/commons/math3/exception/util/LocalizedFormats
57,org/apache/commons/math3/linear/AbstractRealMatrix
57,org/apache/commons/math3/linear/Array2DRowRealMatrix
57,org/apache/commons/math3/optimization/linear/Relationship
57,org/apache/commons/math3/optimization/linear/Relationship$1
58,org/apache/commons/math3/exception/util/LocalizedFormats
58,org/apache/commons/math3/linear/RealVector
58,org/apache/commons/math3/optimization/linear/LinearObjectiveFunction
58,org/apache/commons/math3/optimization/linear/SimplexSolverTest
59,org/apache/commons/math3/exception/util/LocalizedFormats
59,org/apache/commons/math3/optimization/linear/Relationship
59,org/apache/commons/math3/optimization/linear/SimplexSolver
59,org/apache/commons/math3/optimization/linear/SimplexSolverTest
60,org/apache/commons/math3/exception/util/LocalizedFormats
60,org/apache/commons/math3/optimization/linear/SimplexSolver
60,org/apache/commons/math3/optimization/linear/SimplexSolverTest
61,org/apache/commons/math3/exception/util/LocalizedFormats
61,org/apache/commons/math3/optimization/linear/Relationship
61,org/apache/commons/math3/optimization/linear/SimplexSolver
62,org/apache/commons/math3/exception/util/LocalizedFormats
62,org/apache/commons/math3/optimization/linear/SimplexSolverTest
63,org/apache/commons/math3/exception/util/LocalizedFormats
63,org/apache/commons/math3/linear/ArrayRealVector
63,org/apache/commons/math3/optimization/linear/Relationship
63,org/apache/commons/math3/optimization/linear/SimplexSolverTest
63,org/apache/commons/math3/util/Pair
63,org/apache/commons/math3/util/Precision
64,org/apache/commons/math3/exception/util/ExceptionContext
64,org/apache/commons/math3/exception/util/LocalizedFormats
64,org/apache/commons/math3/linear/ArrayRealVector
64,org/apache/commons/math3/optimization/linear/SimplexSolverTest
65,org/apache/commons/math3/exception/util/ExceptionContext
65,org/apache/commons/math3/exception/util/LocalizedFormats
65,org/apache/commons/math3/optimization/linear/LinearObjectiveFunction
66,org/apache/commons/math3/exception/util/ExceptionContext
66,org/apache/commons/math3/exception/util/LocalizedFormats
66,org/apache/commons/math3/optimization/linear/LinearObjectiveFunction
66,org/apache/commons/math3/optimization/linear/SimplexSolverTest
67,org/apache/commons/math3/exception/util/ExceptionContext
67,org/apache/commons/math3/exception/util/LocalizedFormats
67,org/apache/commons/math3/optimization/linear/LinearObjectiveFunction
67,org/apache/commons/math3/optimization/linear/SimplexSolverTest
67,org/apache/commons/math3/optimization/PointValuePair
68,org/apache/commons/math3/exception/util/ExceptionContext
68,org/apache/commons/math3/exception/util/LocalizedFormats
68,org/apache/commons/math3/optimization/PointValuePair
69,org/apache/commons/math3/exception/util/LocalizedFormats
70,org/apache/commons/math3/exception/util/LocalizedFormats
70,org/apache/commons/math3/optimization/linear/SimplexSolver
70,org/apache/commons/math3/util/Precision
71,org/apache/commons/math3/exception/util/LocalizedFormats
71,org/apache/commons/math3/optimization/linear/SimplexSolver
72,org/apache/commons/math3/exception/util/LocalizedFormats
72,org/apache/commons/math3/optimization/linear/SimplexSolver
72,org/apache/commons/math3/optimization/linear/SimplexSolverTest
72,org/apache/commons/math3/util/Pair
73,org/apache/commons/math3/exception/util/LocalizedFormats
73,org/apache/commons/math3/optimization/linear/SimplexSolver
73,org/apache/commons/math3/optimization/linear/SimplexSolverTest
74,org/apache/commons/math3/exception/util/LocalizedFormats
74,org/apache/commons/math3/linear/Array2DRowRealMatrix
74,org/apache/commons/math3/optimization/linear/AbstractLinearOptimizer
74,org/apache/commons/math3/optimization/linear/SimplexSolver
74,org/apache/commons/math3/optimization/linear/SimplexSolverTest
75,org/apache/commons/math3/exception/util/LocalizedFormats
75,org/apache/commons/math3/linear/Array2DRowRealMatrix
75,org/apache/commons/math3/optimization/linear/AbstractLinearOptimizer
75,org/apache/commons/math3/optimization/linear/LinearObjectiveFunction
75,org/apache/commons/math3/optimization/linear/SimplexSolver
75,org/apache/commons/math3/optimization/linear/SimplexSolverTest
76,org/apache/commons/math3/exception/util/LocalizedFormats
76,org/apache/commons/math3/optimization/linear/SimplexSolver
77,org/apache/commons/math3/exception/util/LocalizedFormats
77,org/apache/commons/math3/optimization/linear/SimplexSolverTest
78,org/apache/commons/math3/exception/util/LocalizedFormats
78,org/apache/commons/math3/optimization/linear/SimplexSolverTest
79,org/apache/commons/math3/exception/util/LocalizedFormats
79,org/apache/commons/math3/optimization/linear/SimplexSolver
79,org/apache/commons/math3/optimization/linear/SimplexSolverTest
80,org/apache/commons/math3/exception/util/LocalizedFormats
81,org/apache/commons/math3/exception/util/LocalizedFormats
81,org/apache/commons/math3/optimization/linear/LinearConstraint
81,org/apache/commons/math3/optimization/linear/SimplexSolverTest
82,org/apache/commons/math3/exception/util/LocalizedFormats
82,org/apache/commons/math3/linear/RealVectorFormat
82,org/apache/commons/math3/optimization/linear/AbstractLinearOptimizer
82,org/apache/commons/math3/optimization/linear/SimplexSolverTest
83,org/apache/commons/math3/exception/util/LocalizedFormats
83,org/apache/commons/math3/optimization/linear/LinearObjectiveFunction
83,org/apache/commons/math3/optimization/linear/SimplexSolverTest
84,org/apache/commons/math3/exception/util/LocalizedFormats
84,org/apache/commons/math3/linear/ArrayRealVector
84,org/apache/commons/math3/optimization/linear/SimplexTableau
85,org/apache/commons/math3/exception/util/LocalizedFormats
85,org/apache/commons/math3/linear/ArrayRealVector
86,org/apache/commons/math3/exception/util/LocalizedFormats
87,org/apache/commons/math3/exception/util/ExceptionContext
87,org/apache/commons/math3/exception/util/LocalizedFormats
88,org/apache/commons/math3/exception/util/ExceptionContext
88,org/apache/commons/math3/exception/util/LocalizedFormats
89,org/apache/commons/math3/exception/util/LocalizedFormats
89,org/apache/commons/math3/optimization/linear/AbstractLinearOptimizer
89,org/apache/commons/math3/optimization/linear/SimplexSolverTest
89,org/apache/commons/math3/util/Precision
90,org/apache/commons/math3/exception/util/LocalizedFormats
90,org/apache/commons/math3/optimization/linear/SimplexSolver
90,org/apache/commons/math3/util/Precision
91,org/apache/commons/math3/exception/util/LocalizedFormats
91,org/apache/commons/math3/optimization/linear/SimplexSolver
91,org/apache/commons/math3/optimization/linear/SimplexSolverTest
91,org/apache/commons/math3/util/Precision
92,org/apache/commons/math3/exception/util/LocalizedFormats
92,org/apache/commons/math3/optimization/linear/LinearObjectiveFunction
92,org/apache/commons/math3/optimization/linear/SimplexSolver
92,org/apache/commons/math3/optimization/linear/SimplexSolverTest
92,org/apache/commons/math3/util/Precision
93,org/apache/commons/math3/exception/util/LocalizedFormats
93,org/apache/commons/math3/optimization/linear/SimplexSolver
93,org/apache/commons/math3/optimization/linear/SimplexSolverTest
94,org/apache/commons/math3/exception/util/LocalizedFormats
94,org/apache/commons/math3/optimization/linear/SimplexSolver
94,org/apache/commons/math3/optimization/linear/SimplexSolverTest
94,org/apache/commons/math3/util/Precision
95,org/apache/commons/math3/exception/util/LocalizedFormats
96,org/apache/commons/math3/exception/util/LocalizedFormats
96,org/apache/commons/math3/optimization/linear/AbstractLinearOptimizer
96,org/apache/commons/math3/optimization/linear/SimplexSolver
96,org/apache/commons/math3/optimization/linear/SimplexSolverTest
97,org/apache/commons/math3/exception/util/LocalizedFormats
97,org/apache/commons/math3/optimization/linear/SimplexSolver
98,org/apache/commons/math3/exception/util/LocalizedFormats
98,org/apache/commons/math3/optimization/linear/SimplexSolver
98,org/apache/commons/math3/optimization/linear/SimplexSolverTest
99,org/apache/commons/math3/exception/util/LocalizedFormats
99,org/apache/commons/math3/optimization/linear/LinearConstraint
99,org/apache/commons/math3/optimization/linear/SimplexSolver
100,org/apache/commons/math3/exception/util/LocalizedFormats
100,org/apache/commons/math3/optimization/linear/LinearConstraint
100,org/apache/commons/math3/optimization/linear/SimplexSolver
101,org/apache/commons/math3/exception/util/LocalizedFormats
101,org/apache/commons/math3/optimization/linear/LinearConstraint
101,org/apache/commons/math3/optimization/linear/SimplexSolver
102,org/apache/commons/math3/exception/util/LocalizedFormats
102,org/apache/commons/math3/linear/ArrayRealVector
102,org/apache/commons/math3/optimization/linear/LinearConstraint
102,org/apache/commons/math3/optimization/linear/SimplexSolver
103,org/apache/commons/math3/exception/util/LocalizedFormats
103,org/apache/commons/math3/linear/ArrayRealVector
103,org/apache/commons/math3/optimization/linear/AbstractLinearOptimizer
103,org/apache/commons/math3/optimization/linear/SimplexSolver
103,org/apache/commons/math3/optimization/linear/SimplexSolverTest
104,org/apache/commons/math3/exception/util/LocalizedFormats
104,org/apache/commons/math3/optimization/linear/SimplexSolver
105,org/apache/commons/math3/exception/util/LocalizedFormats
105,org/apache/commons/math3/optimization/linear/SimplexSolverTest
106,org/apache/commons/math3/exception/util/LocalizedFormats
106,org/apache/commons/math3/linear/ArrayRealVector
106,org/apache/commons/math3/linear/RealVectorFormat
106,org/apache/commons/math3/optimization/linear/SimplexSolverTest
107,org/apache/commons/math3/exception/util/LocalizedFormats
107,org/apache/commons/math3/linear/RealVectorFormat
107,org/apache/commons/math3/optimization/linear/SimplexSolverTest
108,org/apache/commons/math3/exception/util/LocalizedFormats
108,org/apache/commons/math3/linear/RealVectorFormat
108,org/apache/commons/math3/optimization/linear/AbstractLinearOptimizer
108,org/apache/commons/math3/optimization/linear/SimplexSolverTest
109,org/apache/commons/math3/exception/util/LocalizedFormats
109,org/apache/commons/math3/linear/RealVectorFormat
109,org/apache/commons/math3/optimization/linear/SimplexSolver
110,org/apache/commons/math3/exception/util/LocalizedFormats
110,org/apache/commons/math3/linear/RealVectorFormat
110,org/apache/commons/math3/optimization/linear/SimplexSolver
110,org/apache/commons/math3/optimization/linear/SimplexSolverTest
111,org/apache/commons/math3/exception/util/LocalizedFormats
111,org/apache/commons/math3/linear/RealVectorFormat
111,org/apache/commons/math3/optimization/linear/SimplexSolver
111,org/apache/commons/math3/optimization/linear/SimplexSolverTest
112,org/apache/commons/math3/exception/util/LocalizedFormats
112,org/apache/commons/math3/linear/RealVectorFormat
113,org/apache/commons/math3/exception/util/LocalizedFormats
113,org/apache/commons/math3/linear/RealVectorFormat
113,org/apache/commons/math3/optimization/linear/SimplexSolverTest
113,org/apache/commons/math3/util/FastMath
114,org/apache/commons/math3/exception/util/LocalizedFormats
114,org/apache/commons/math3/optimization/linear/SimplexSolver
114,org/apache/commons/math3/optimization/linear/SimplexSolverTest
115,org/apache/commons/math3/exception/util/LocalizedFormats
115,org/apache/commons/math3/optimization/linear/SimplexSolver
115,org/apache/commons/math3/util/Precision
116,org/apache/commons/math3/exception/util/LocalizedFormats
116,org/apache/commons/math3/optimization/linear/SimplexSolver
116,org/apache/commons/math3/util/Precision
117,org/apache/commons/math3/exception/util/LocalizedFormats
117,org/apache/commons/math3/optimization/linear/SimplexSolver
117,org/apache/commons/math3/util/Precision
118,org/apache/commons/math3/exception/util/LocalizedFormats
118,org/apache/commons/math3/optimization/linear/SimplexSolver
118,org/apache/commons/math3/util/Precision
119,org/apache/commons/math3/exception/util/LocalizedFormats
119,org/apache/commons/math3/optimization/linear/SimplexSolverTest
120,org/apache/commons/math3/exception/util/LocalizedFormats
120,org/apache/commons/math3/optimization/linear/SimplexSolver
120,org/apache/commons/math3/util/Precision
121,org/apache/commons/math3/exception/util/LocalizedFormats
121,org/apache/commons/math3/optimization/linear/SimplexSolverTest
122,org/apache/commons/math3/exception/util/LocalizedFormats
122,org/apache/commons/math3/optimization/linear/SimplexSolverTest
123,org/apache/commons/math3/exception/util/LocalizedFormats
123,org/apache/commons/math3/optimization/linear/SimplexSolver
123,org/apache/commons/math3/optimization/linear/SimplexSolverTest
124,org/apache/commons/math3/exception/util/LocalizedFormats
124,org/apache/commons/math3/optimization/linear/SimplexSolverTest
125,org/apache/commons/math3/exception/util/LocalizedFormats
125,org/apache/commons/math3/optimization/linear/SimplexSolver
125,org/apache/commons/math3/optimization/linear/SimplexSolverTest
126,org/apache/commons/math3/exception/util/LocalizedFormats
126,org/apache/commons/math3/optimization/linear/SimplexSolverTest
126,org/apache/commons/math3/util/FastMath
127,org/apache/commons/math3/exception/util/LocalizedFormats
127,org/apache/commons/math3/optimization/linear/AbstractLinearOptimizer
127,org/apache/commons/math3/optimization/linear/SimplexSolverTest
128,org/apache/commons/math3/exception/util/LocalizedFormats
128,org/apache/commons/math3/optimization/linear/SimplexSolverTest
129,org/apache/commons/math3/exception/util/LocalizedFormats
129,org/apache/commons/math3/optimization/linear/SimplexSolverTest
130,org/apache/commons/math3/exception/util/LocalizedFormats
130,org/apache/commons/math3/optimization/linear/SimplexSolverTest
131,org/apache/commons/math3/exception/util/LocalizedFormats
132,org/apache/commons/math3/exception/util/LocalizedFormats
132,org/apache/commons/math3/optimization/linear/SimplexSolverTest
133,org/apache/commons/math3/exception/util/LocalizedFormats
133,org/apache/commons/math3/optimization/linear/SimplexSolverTest
134,org/apache/commons/math3/exception/util/LocalizedFormats
134,org/apache/commons/math3/optimization/linear/SimplexSolverTest
134,org/apache/commons/math3/optimization/linear/SimplexTableau
135,org/apache/commons/math3/exception/util/LocalizedFormats
135,org/apache/commons/math3/optimization/linear/SimplexTableau
136,org/apache/commons/math3/exception/util/LocalizedFormats
136,org/apache/commons/math3/optimization/linear/SimplexSolverTest
136,org/apache/commons/math3/optimization/linear/SimplexTableau
137,org/apache/commons/math3/exception/util/LocalizedFormats
137,org/apache/commons/math3/optimization/linear/SimplexSolver
137,org/apache/commons/math3/optimization/linear/SimplexSolverTest
137,org/apache/commons/math3/optimization/linear/SimplexTableau
138,org/apache/commons/math3/exception/util/LocalizedFormats
138,org/apache/commons/math3/optimization/linear/SimplexSolverTest
138,org/apache/commons/math3/optimization/linear/SimplexTableau
139,org/apache/commons/math3/exception/util/LocalizedFormats
139,org/apache/commons/math3/optimization/linear/AbstractLinearOptimizer
139,org/apache/commons/math3/optimization/linear/SimplexSolver
139,org/apache/commons/math3/optimization/linear/SimplexSolverTest
139,org/apache/commons/math3/optimization/linear/SimplexTableau
139,org/apache/commons/math3/util/FastMath
140,org/apache/commons/math3/exception/util/LocalizedFormats
140,org/apache/commons/math3/optimization/linear/AbstractLinearOptimizer
140,org/apache/commons/math3/optimization/linear/SimplexSolver
140,org/apache/commons/math3/optimization/linear/SimplexTableau
141,org/apache/commons/math3/exception/util/LocalizedFormats
141,org/apache/commons/math3/optimization/linear/AbstractLinearOptimizer
141,org/apache/commons/math3/optimization/linear/SimplexSolver
142,org/apache/commons/math3/exception/util/LocalizedFormats
142,org/apache/commons/math3/optimization/linear/AbstractLinearOptimizer
142,org/apache/commons/math3/optimization/linear/SimplexSolver
142,org/apache/commons/math3/optimization/linear/SimplexTableau
143,org/apache/commons/math3/exception/util/LocalizedFormats
144,org/apache/commons/math3/exception/util/LocalizedFormats
144,org/apache/commons/math3/optimization/linear/AbstractLinearOptimizer
144,org/apache/commons/math3/optimization/linear/SimplexSolverTest
144,org/apache/commons/math3/optimization/linear/SimplexTableau
145,org/apache/commons/math3/exception/util/LocalizedFormats
145,org/apache/commons/math3/optimization/linear/SimplexSolverTest
146,org/apache/commons/math3/exception/util/LocalizedFormats
146,org/apache/commons/math3/optimization/linear/SimplexSolver
146,org/apache/commons/math3/optimization/linear/SimplexSolverTest
146,org/apache/commons/math3/optimization/linear/SimplexTableau
147,org/apache/commons/math3/exception/util/LocalizedFormats
147,org/apache/commons/math3/optimization/linear/AbstractLinearOptimizer
147,org/apache/commons/math3/optimization/linear/SimplexSolver
147,org/apache/commons/math3/optimization/linear/SimplexSolverTest
147,org/apache/commons/math3/optimization/linear/SimplexTableau
148,org/apache/commons/math3/exception/util/LocalizedFormats
148,org/apache/commons/math3/optimization/linear/SimplexSolverTest
149,org/apache/commons/math3/exception/util/LocalizedFormats
150,org/apache/commons/math3/exception/util/LocalizedFormats
150,org/apache/commons/math3/optimization/linear/SimplexSolver
150,org/apache/commons/math3/optimization/linear/SimplexSolverTest
151,org/apache/commons/math3/exception/util/LocalizedFormats
151,org/apache/commons/math3/optimization/linear/SimplexSolver
151,org/apache/commons/math3/optimization/linear/SimplexSolverTest
152,org/apache/commons/math3/exception/util/LocalizedFormats
152,org/apache/commons/math3/optimization/linear/SimplexSolver
153,org/apache/commons/math3/exception/util/LocalizedFormats
153,org/apache/commons/math3/optimization/linear/SimplexSolver
153,org/apache/commons/math3/optimization/linear/SimplexSolverTest
154,org/apache/commons/math3/exception/util/LocalizedFormats
154,org/apache/commons/math3/optimization/linear/SimplexSolverTest
154,org/apache/commons/math3/optimization/linear/SimplexTableau
155,org/apache/commons/math3/exception/util/LocalizedFormats
155,org/apache/commons/math3/optimization/linear/SimplexSolverTest
155,org/apache/commons/math3/optimization/linear/SimplexTableau
156,org/apache/commons/math3/exception/util/LocalizedFormats
156,org/apache/commons/math3/optimization/linear/SimplexSolverTest
157,org/apache/commons/math3/exception/util/LocalizedFormats
157,org/apache/commons/math3/optimization/linear/SimplexTableau
158,org/apache/commons/math3/exception/util/LocalizedFormats
158,org/apache/commons/math3/optimization/linear/SimplexTableau
158,org/apache/commons/math3/util/FastMath
159,org/apache/commons/math3/exception/util/LocalizedFormats
159,org/apache/commons/math3/optimization/linear/SimplexTableau
160,org/apache/commons/math3/exception/util/LocalizedFormats
161,org/apache/commons/math3/exception/util/LocalizedFormats
161,org/apache/commons/math3/optimization/linear/SimplexSolverTest
161,org/apache/commons/math3/optimization/linear/SimplexTableau
162,org/apache/commons/math3/exception/util/LocalizedFormats
162,org/apache/commons/math3/linear/RealVectorFormat
162,org/apache/commons/math3/optimization/linear/SimplexSolverTest
162,org/apache/commons/math3/optimization/linear/SimplexTableau
163,org/apache/commons/math3/exception/util/LocalizedFormats
163,org/apache/commons/math3/optimization/linear/SimplexSolverTest
164,org/apache/commons/math3/exception/util/LocalizedFormats
164,org/apache/commons/math3/optimization/linear/SimplexSolverTest
164,org/apache/commons/math3/optimization/linear/SimplexTableau
165,org/apache/commons/math3/exception/util/LocalizedFormats
165,org/apache/commons/math3/optimization/linear/SimplexSolverTest
165,org/apache/commons/math3/optimization/linear/SimplexTableau
166,org/apache/commons/math3/exception/util/LocalizedFormats
166,org/apache/commons/math3/optimization/linear/SimplexSolverTest
167,org/apache/commons/math3/exception/util/LocalizedFormats
167,org/apache/commons/math3/optimization/linear/SimplexSolverTest
167,org/apache/commons/math3/optimization/linear/SimplexTableau
168,org/apache/commons/math3/exception/util/LocalizedFormats
168,org/apache/commons/math3/optimization/linear/LinearConstraint
168,org/apache/commons/math3/optimization/linear/SimplexTableau
169,org/apache/commons/math3/exception/util/LocalizedFormats
169,org/apache/commons/math3/optimization/linear/SimplexSolver
169,org/apache/commons/math3/optimization/linear/SimplexSolverTest
170,org/apache/commons/math3/exception/util/LocalizedFormats
170,org/apache/commons/math3/optimization/linear/SimplexSolverTest
170,org/apache/commons/math3/optimization/linear/SimplexTableau
171,org/apache/commons/math3/exception/util/LocalizedFormats
171,org/apache/commons/math3/linear/RealVectorFormat
172,org/apache/commons/math3/exception/util/LocalizedFormats
172,org/apache/commons/math3/optimization/linear/SimplexSolverTest
173,org/apache/commons/math3/exception/util/LocalizedFormats
173,org/apache/commons/math3/optimization/linear/SimplexSolver
173,org/apache/commons/math3/optimization/linear/SimplexSolverTest
174,org/apache/commons/math3/exception/util/LocalizedFormats
174,org/apache/commons/math3/optimization/linear/SimplexSolver
174,org/apache/commons/math3/optimization/linear/SimplexSolverTest
175,org/apache/commons/math3/exception/util/LocalizedFormats
175,org/apache/commons/math3/optimization/linear/SimplexSolverTest
176,org/apache/commons/math3/exception/util/LocalizedFormats
176,org/apache/commons/math3/optimization/linear/LinearConstraint
176,org/apache/commons/math3/optimization/linear/SimplexSolverTest
177,org/apache/commons/math3/exception/util/LocalizedFormats
177,org/apache/commons/math3/optimization/linear/SimplexSolverTest
177,org/apache/commons/math3/util/FastMath
178,org/apache/commons/math3/exception/util/LocalizedFormats
178,org/apache/commons/math3/optimization/linear/SimplexSolver
179,org/apache/commons/math3/exception/util/LocalizedFormats
179,org/apache/commons/math3/optimization/linear/SimplexSolver
180,org/apache/commons/math3/exception/util/LocalizedFormats
181,org/apache/commons/math3/exception/util/LocalizedFormats
181,org/apache/commons/math3/optimization/linear/SimplexTableau
182,org/apache/commons/math3/exception/util/LocalizedFormats
182,org/apache/commons/math3/optimization/linear/SimplexSolverTest
183,org/apache/commons/math3/exception/util/LocalizedFormats
183,org/apache/commons/math3/optimization/linear/SimplexSolverTest
183,org/apache/commons/math3/optimization/linear/SimplexTableau
184,org/apache/commons/math3/exception/util/LocalizedFormats
184,org/apache/commons/math3/optimization/linear/LinearConstraint
184,org/apache/commons/math3/optimization/linear/SimplexSolverTest
184,org/apache/commons/math3/optimization/linear/SimplexTableau
185,org/apache/commons/math3/exception/util/LocalizedFormats
185,org/apache/commons/math3/optimization/linear/SimplexSolverTest
186,org/apache/commons/math3/exception/util/LocalizedFormats
186,org/apache/commons/math3/optimization/linear/SimplexSolverTest
187,org/apache/commons/math3/exception/util/LocalizedFormats
187,org/apache/commons/math3/optimization/linear/SimplexSolver
187,org/apache/commons/math3/optimization/linear/SimplexTableau
188,org/apache/commons/math3/exception/util/LocalizedFormats
188,org/apache/commons/math3/optimization/linear/SimplexSolverTest
188,org/apache/commons/math3/optimization/linear/SimplexTableau
189,org/apache/commons/math3/exception/util/LocalizedFormats
189,org/apache/commons/math3/optimization/linear/SimplexSolverTest
190,org/apache/commons/math3/exception/util/LocalizedFormats
190,org/apache/commons/math3/optimization/linear/SimplexSolverTest
190,org/apache/commons/math3/optimization/linear/SimplexTableau
191,org/apache/commons/math3/exception/util/LocalizedFormats
191,org/apache/commons/math3/optimization/linear/SimplexTableau
192,org/apache/commons/math3/exception/util/LocalizedFormats
192,org/apache/commons/math3/optimization/linear/SimplexTableau
193,org/apache/commons/math3/exception/util/LocalizedFormats
194,org/apache/commons/math3/exception/util/LocalizedFormats
194,org/apache/commons/math3/optimization/linear/SimplexTableau
195,org/apache/commons/math3/exception/util/LocalizedFormats
195,org/apache/commons/math3/optimization/linear/SimplexSolver
195,org/apache/commons/math3/optimization/linear/SimplexSolverTest
195,org/apache/commons/math3/optimization/linear/SimplexTableau
196,org/apache/commons/math3/exception/util/LocalizedFormats
196,org/apache/commons/math3/optimization/linear/SimplexSolver
196,org/apache/commons/math3/optimization/linear/SimplexSolverTest
196,org/apache/commons/math3/util/FastMath
197,org/apache/commons/math3/exception/util/LocalizedFormats
197,org/apache/commons/math3/optimization/linear/SimplexSolverTest
198,org/apache/commons/math3/exception/util/LocalizedFormats
198,org/apache/commons/math3/linear/ArrayRealVector
198,org/apache/commons/math3/optimization/linear/SimplexSolver
198,org/apache/commons/math3/optimization/linear/SimplexSolverTest
198,org/apache/commons/math3/optimization/linear/SimplexTableau
199,org/apache/commons/math3/exception/util/LocalizedFormats
199,org/apache/commons/math3/linear/ArrayRealVector
199,org/apache/commons/math3/optimization/linear/SimplexSolver
199,org/apache/commons/math3/optimization/linear/SimplexSolverTest
199,org/apache/commons/math3/optimization/linear/SimplexTableau
200,org/apache/commons/math3/exception/util/LocalizedFormats
200,org/apache/commons/math3/optimization/linear/SimplexSolverTest
201,org/apache/commons/math3/exception/util/LocalizedFormats
201,org/apache/commons/math3/optimization/linear/SimplexSolver
201,org/apache/commons/math3/optimization/linear/SimplexSolverTest
202,org/apache/commons/math3/exception/util/LocalizedFormats
203,org/apache/commons/math3/exception/util/LocalizedFormats
203,org/apache/commons/math3/optimization/linear/SimplexSolverTest
204,org/apache/commons/math3/exception/util/LocalizedFormats
204,org/apache/commons/math3/optimization/linear/SimplexSolverTest
204,org/apache/commons/math3/optimization/linear/SimplexTableau
205,org/apache/commons/math3/exception/util/LocalizedFormats
205,org/apache/commons/math3/optimization/linear/SimplexSolverTest
205,org/apache/commons/math3/optimization/linear/SimplexTableau
206,org/apache/commons/math3/exception/util/LocalizedFormats
206,org/apache/commons/math3/optimization/linear/SimplexTableau
207,org/apache/commons/math3/exception/util/LocalizedFormats
207,org/apache/commons/math3/optimization/linear/SimplexTableau
208,org/apache/commons/math3/exception/util/LocalizedFormats
208,org/apache/commons/math3/optimization/linear/SimplexTableau
209,org/apache/commons/math3/exception/util/LocalizedFormats
210,org/apache/commons/math3/exception/util/LocalizedFormats
210,org/apache/commons/math3/optimization/linear/SimplexSolverTest
211,org/apache/commons/math3/exception/util/LocalizedFormats
211,org/apache/commons/math3/optimization/linear/SimplexSolverTest
211,org/apache/commons/math3/optimization/linear/SimplexTableau
212,org/apache/commons/math3/exception/util/LocalizedFormats
212,org/apache/commons/math3/optimization/linear/SimplexSolverTest
213,org/apache/commons/math3/exception/util/LocalizedFormats
213,org/apache/commons/math3/optimization/linear/SimplexSolverTest
214,org/apache/commons/math3/exception/util/LocalizedFormats
214,org/apache/commons/math3/optimization/linear/SimplexSolverTest
214,org/apache/commons/math3/optimization/linear/SimplexTableau
215,org/apache/commons/math3/exception/util/LocalizedFormats
215,org/apache/commons/math3/optimization/linear/SimplexSolverTest
215,org/apache/commons/math3/optimization/linear/SimplexTableau
216,org/apache/commons/math3/exception/util/LocalizedFormats
216,org/apache/commons/math3/optimization/linear/SimplexSolverTest
216,org/apache/commons/math3/util/FastMath
217,org/apache/commons/math3/exception/util/LocalizedFormats
217,org/apache/commons/math3/optimization/linear/SimplexSolverTest
218,org/apache/commons/math3/exception/util/LocalizedFormats
219,org/apache/commons/math3/exception/util/LocalizedFormats
220,org/apache/commons/math3/exception/util/LocalizedFormats
220,org/apache/commons/math3/optimization/linear/SimplexTableau
221,org/apache/commons/math3/exception/util/LocalizedFormats
222,org/apache/commons/math3/exception/util/LocalizedFormats
222,org/apache/commons/math3/optimization/linear/SimplexSolverTest
223,org/apache/commons/math3/exception/util/LocalizedFormats
223,org/apache/commons/math3/optimization/linear/SimplexSolverTest
223,org/apache/commons/math3/optimization/linear/SimplexTableau
224,org/apache/commons/math3/exception/util/LocalizedFormats
224,org/apache/commons/math3/optimization/linear/SimplexSolverTest
224,org/apache/commons/math3/optimization/linear/SimplexTableau
225,org/apache/commons/math3/exception/util/LocalizedFormats
225,org/apache/commons/math3/optimization/linear/SimplexSolverTest
225,org/apache/commons/math3/optimization/linear/SimplexTableau
226,org/apache/commons/math3/exception/util/LocalizedFormats
226,org/apache/commons/math3/optimization/linear/SimplexSolverTest
226,org/apache/commons/math3/optimization/linear/SimplexTableau
227,org/apache/commons/math3/exception/util/LocalizedFormats
228,org/apache/commons/math3/exception/util/LocalizedFormats
229,org/apache/commons/math3/exception/util/LocalizedFormats
230,org/apache/commons/math3/exception/util/LocalizedFormats
230,org/apache/commons/math3/optimization/linear/SimplexTableau
231,org/apache/commons/math3/exception/util/LocalizedFormats
231,org/apache/commons/math3/optimization/linear/SimplexSolverTest
232,org/apache/commons/math3/exception/util/LocalizedFormats
232,org/apache/commons/math3/optimization/linear/SimplexSolverTest
232,org/apache/commons/math3/optimization/linear/SimplexTableau
233,org/apache/commons/math3/exception/util/LocalizedFormats
233,org/apache/commons/math3/optimization/linear/SimplexSolverTest
233,org/apache/commons/math3/optimization/linear/SimplexTableau
234,org/apache/commons/math3/exception/util/LocalizedFormats
234,org/apache/commons/math3/optimization/linear/SimplexSolverTest
234,org/apache/commons/math3/optimization/linear/SimplexTableau
235,org/apache/commons/math3/exception/util/LocalizedFormats
235,org/apache/commons/math3/optimization/linear/SimplexSolverTest
235,org/apache/commons/math3/util/FastMath
236,org/apache/commons/math3/exception/util/LocalizedFormats
236,org/apache/commons/math3/optimization/linear/SimplexSolverTest
237,org/apache/commons/math3/exception/util/LocalizedFormats
237,org/apache/commons/math3/optimization/linear/SimplexSolverTest
238,org/apache/commons/math3/exception/util/LocalizedFormats
238,org/apache/commons/math3/optimization/linear/SimplexTableau
239,org/apache/commons/math3/exception/util/LocalizedFormats
239,org/apache/commons/math3/optimization/linear/SimplexSolverTest
240,org/apache/commons/math3/exception/util/LocalizedFormats
240,org/apache/commons/math3/optimization/linear/SimplexSolverTest
241,org/apache/commons/math3/exception/util/LocalizedFormats
242,org/apache/commons/math3/exception/util/LocalizedFormats
242,org/apache/commons/math3/optimization/linear/SimplexSolverTest
243,org/apache/commons/math3/exception/util/LocalizedFormats
243,org/apache/commons/math3/optimization/linear/SimplexSolverTest
244,org/apache/commons/math3/exception/util/LocalizedFormats
244,org/apache/commons/math3/optimization/linear/SimplexSolverTest
245,org/apache/commons/math3/exception/util/LocalizedFormats
245,org/apache/commons/math3/optimization/linear/SimplexSolverTest
246,org/apache/commons/math3/exception/util/LocalizedFormats
246,org/apache/commons/math3/optimization/linear/SimplexSolverTest
247,org/apache/commons/math3/exception/util/LocalizedFormats
247,org/apache/commons/math3/optimization/linear/SimplexSolverTest
247,org/apache/commons/math3/optimization/linear/SimplexTableau
248,org/apache/commons/math3/exception/util/LocalizedFormats
248,org/apache/commons/math3/optimization/linear/SimplexSolverTest
248,org/apache/commons/math3/optimization/linear/SimplexTableau
249,org/apache/commons/math3/exception/util/LocalizedFormats
249,org/apache/commons/math3/optimization/linear/SimplexTableau
250,org/apache/commons/math3/exception/util/LocalizedFormats
250,org/apache/commons/math3/optimization/linear/SimplexSolverTest
250,org/apache/commons/math3/optimization/linear/SimplexTableau
251,org/apache/commons/math3/exception/util/LocalizedFormats
251,org/apache/commons/math3/optimization/linear/SimplexSolverTest
251,org/apache/commons/math3/optimization/linear/SimplexTableau
252,org/apache/commons/math3/exception/util/LocalizedFormats
252,org/apache/commons/math3/optimization/linear/SimplexSolverTest
253,org/apache/commons/math3/exception/util/LocalizedFormats
254,org/apache/commons/math3/exception/util/LocalizedFormats
254,org/apache/commons/math3/optimization/linear/SimplexSolverTest
254,org/apache/commons/math3/util/FastMath
255,org/apache/commons/math3/exception/util/LocalizedFormats
255,org/apache/commons/math3/linear/Array2DRowRealMatrix
255,org/apache/commons/math3/optimization/linear/SimplexSolverTest
256,org/apache/commons/math3/exception/util/LocalizedFormats
256,org/apache/commons/math3/optimization/linear/SimplexSolverTest
257,org/apache/commons/math3/exception/util/LocalizedFormats
257,org/apache/commons/math3/optimization/linear/SimplexSolverTest
257,org/apache/commons/math3/util/MathUtils
258,org/apache/commons/math3/exception/util/LocalizedFormats
258,org/apache/commons/math3/optimization/linear/SimplexSolverTest
259,org/apache/commons/math3/exception/util/LocalizedFormats
259,org/apache/commons/math3/optimization/linear/SimplexSolverTest
260,org/apache/commons/math3/exception/util/LocalizedFormats
260,org/apache/commons/math3/optimization/linear/SimplexSolverTest
260,org/apache/commons/math3/optimization/linear/SimplexTableau
261,org/apache/commons/math3/exception/util/LocalizedFormats
261,org/apache/commons/math3/optimization/linear/SimplexTableau
262,org/apache/commons/math3/exception/util/LocalizedFormats
262,org/apache/commons/math3/linear/Array2DRowRealMatrix
262,org/apache/commons/math3/optimization/linear/SimplexSolverTest
263,org/apache/commons/math3/exception/util/LocalizedFormats
263,org/apache/commons/math3/linear/Array2DRowRealMatrix
263,org/apache/commons/math3/optimization/linear/SimplexSolverTest
264,org/apache/commons/math3/exception/util/LocalizedFormats
265,org/apache/commons/math3/exception/util/LocalizedFormats
265,org/apache/commons/math3/optimization/linear/SimplexTableau
265,org/apache/commons/math3/util/Precision
266,org/apache/commons/math3/exception/util/LocalizedFormats
266,org/apache/commons/math3/linear/Array2DRowRealMatrix
267,org/apache/commons/math3/exception/util/LocalizedFormats
268,org/apache/commons/math3/exception/util/LocalizedFormats
268,org/apache/commons/math3/optimization/linear/SimplexSolverTest
269,org/apache/commons/math3/exception/util/LocalizedFormats
269,org/apache/commons/math3/linear/Array2DRowRealMatrix
270,org/apache/commons/math3/exception/util/LocalizedFormats
270,org/apache/commons/math3/linear/Array2DRowRealMatrix
270,org/apache/commons/math3/optimization/linear/SimplexSolverTest
271,org/apache/commons/math3/exception/util/LocalizedFormats
271,org/apache/commons/math3/linear/Array2DRowRealMatrix
271,org/apache/commons/math3/optimization/linear/SimplexSolverTest
272,org/apache/commons/math3/exception/util/LocalizedFormats
272,org/apache/commons/math3/optimization/linear/SimplexSolverTest
273,org/apache/commons/math3/exception/util/LocalizedFormats
273,org/apache/commons/math3/optimization/linear/SimplexSolverTest
274,org/apache/commons/math3/exception/util/LocalizedFormats
274,org/apache/commons/math3/optimization/linear/SimplexTableau
275,org/apache/commons/math3/exception/util/LocalizedFormats
275,org/apache/commons/math3/linear/Array2DRowRealMatrix
275,org/apache/commons/math3/optimization/linear/SimplexSolverTest
275,org/apache/commons/math3/util/FastMath
276,org/apache/commons/math3/exception/util/LocalizedFormats
276,org/apache/commons/math3/linear/Array2DRowRealMatrix
276,org/apache/commons/math3/optimization/linear/SimplexSolverTest
277,org/apache/commons/math3/exception/util/LocalizedFormats
277,org/apache/commons/math3/optimization/linear/SimplexSolverTest
278,org/apache/commons/math3/exception/util/LocalizedFormats
278,org/apache/commons/math3/optimization/linear/SimplexSolverTest
279,org/apache/commons/math3/exception/util/LocalizedFormats
279,org/apache/commons/math3/linear/Array2DRowRealMatrix
279,org/apache/commons/math3/optimization/linear/SimplexSolverTest
280,org/apache/commons/math3/exception/util/LocalizedFormats
280,org/apache/commons/math3/linear/Array2DRowRealMatrix
281,org/apache/commons/math3/exception/util/LocalizedFormats
281,org/apache/commons/math3/linear/Array2DRowRealMatrix
282,org/apache/commons/math3/exception/util/LocalizedFormats
283,org/apache/commons/math3/exception/util/LocalizedFormats
283,org/apache/commons/math3/optimization/linear/SimplexTableau
283,org/apache/commons/math3/util/FastMath
284,org/apache/commons/math3/exception/util/LocalizedFormats
284,org/apache/commons/math3/linear/Array2DRowRealMatrix
284,org/apache/commons/math3/optimization/linear/SimplexSolverTest
284,org/apache/commons/math3/optimization/linear/SimplexTableau
285,org/apache/commons/math3/exception/util/LocalizedFormats
285,org/apache/commons/math3/linear/ArrayRealVector
285,org/apache/commons/math3/optimization/linear/SimplexSolverTest
285,org/apache/commons/math3/optimization/linear/SimplexTableau
286,org/apache/commons/math3/exception/util/LocalizedFormats
286,org/apache/commons/math3/linear/Array2DRowRealMatrix
286,org/apache/commons/math3/optimization/linear/SimplexSolverTest
286,org/apache/commons/math3/optimization/linear/SimplexTableau
286,org/apache/commons/math3/util/FastMath
287,org/apache/commons/math3/exception/util/LocalizedFormats
288,org/apache/commons/math3/exception/util/LocalizedFormats
288,org/apache/commons/math3/optimization/linear/SimplexSolverTest
288,org/apache/commons/math3/optimization/linear/SimplexTableau
289,org/apache/commons/math3/exception/util/LocalizedFormats
289,org/apache/commons/math3/optimization/linear/SimplexSolverTest
289,org/apache/commons/math3/optimization/linear/SimplexTableau
290,org/apache/commons/math3/exception/util/LocalizedFormats
290,org/apache/commons/math3/optimization/linear/SimplexSolverTest
291,org/apache/commons/math3/exception/util/LocalizedFormats
291,org/apache/commons/math3/optimization/linear/SimplexSolverTest
292,org/apache/commons/math3/exception/util/LocalizedFormats
293,org/apache/commons/math3/exception/util/LocalizedFormats
294,org/apache/commons/math3/exception/util/LocalizedFormats
295,org/apache/commons/math3/exception/util/LocalizedFormats
295,org/apache/commons/math3/linear/Array2DRowRealMatrix
296,org/apache/commons/math3/exception/util/LocalizedFormats
296,org/apache/commons/math3/linear/Array2DRowRealMatrix
297,org/apache/commons/math3/exception/util/LocalizedFormats
298,org/apache/commons/math3/exception/util/LocalizedFormats
298,org/apache/commons/math3/optimization/linear/SimplexTableau
299,org/apache/commons/math3/exception/util/LocalizedFormats
299,org/apache/commons/math3/optimization/linear/SimplexTableau
300,org/apache/commons/math3/exception/util/LocalizedFormats
300,org/apache/commons/math3/optimization/linear/SimplexSolverTest
300,org/apache/commons/math3/optimization/linear/SimplexTableau
301,org/apache/commons/math3/exception/util/LocalizedFormats
301,org/apache/commons/math3/optimization/linear/SimplexSolverTest
301,org/apache/commons/math3/util/Precision
302,org/apache/commons/math3/exception/util/LocalizedFormats
302,org/apache/commons/math3/linear/Array2DRowRealMatrix
302,org/apache/commons/math3/optimization/linear/SimplexSolverTest
302,org/apache/commons/math3/optimization/linear/SimplexTableau
302,org/apache/commons/math3/util/Precision
303,org/apache/commons/math3/exception/util/LocalizedFormats
303,org/apache/commons/math3/linear/Array2DRowRealMatrix
303,org/apache/commons/math3/optimization/linear/SimplexSolverTest
304,org/apache/commons/math3/exception/util/LocalizedFormats
304,org/apache/commons/math3/optimization/linear/SimplexSolverTest
305,org/apache/commons/math3/exception/util/LocalizedFormats
305,org/apache/commons/math3/util/Precision
306,org/apache/commons/math3/exception/util/LocalizedFormats
306,org/apache/commons/math3/optimization/linear/SimplexSolverTest
306,org/apache/commons/math3/util/Precision
307,org/apache/commons/math3/exception/util/LocalizedFormats
307,org/apache/commons/math3/optimization/linear/SimplexSolverTest
308,org/apache/commons/math3/exception/util/LocalizedFormats
308,org/apache/commons/math3/optimization/linear/SimplexSolverTest
308,org/apache/commons/math3/util/Precision
309,org/apache/commons/math3/exception/util/LocalizedFormats
309,org/apache/commons/math3/optimization/linear/SimplexSolverTest
309,org/apache/commons/math3/util/Precision
310,org/apache/commons/math3/exception/util/LocalizedFormats
310,org/apache/commons/math3/optimization/linear/SimplexSolverTest
311,org/apache/commons/math3/exception/util/LocalizedFormats
311,org/apache/commons/math3/optimization/linear/SimplexTableau
312,org/apache/commons/math3/exception/util/LocalizedFormats
312,org/apache/commons/math3/optimization/linear/SimplexTableau
312,org/apache/commons/math3/util/Precision
313,org/apache/commons/math3/exception/util/LocalizedFormats
313,org/apache/commons/math3/optimization/linear/SimplexTableau
314,org/apache/commons/math3/exception/util/LocalizedFormats
314,org/apache/commons/math3/optimization/linear/SimplexTableau
314,org/apache/commons/math3/util/Precision
315,org/apache/commons/math3/exception/util/LocalizedFormats
315,org/apache/commons/math3/optimization/linear/SimplexSolverTest
315,org/apache/commons/math3/optimization/linear/SimplexTableau
316,org/apache/commons/math3/exception/util/LocalizedFormats
316,org/apache/commons/math3/linear/ArrayRealVector
316,org/apache/commons/math3/optimization/linear/SimplexSolverTest
316,org/apache/commons/math3/optimization/linear/SimplexTableau
317,org/apache/commons/math3/exception/util/LocalizedFormats
317,org/apache/commons/math3/linear/ArrayRealVector
317,org/apache/commons/math3/optimization/linear/SimplexSolverTest
317,org/apache/commons/math3/optimization/linear/SimplexTableau
318,org/apache/commons/math3/exception/util/LocalizedFormats
318,org/apache/commons/math3/linear/ArrayRealVector
318,org/apache/commons/math3/optimization/linear/SimplexSolverTest
319,org/apache/commons/math3/exception/util/LocalizedFormats
319,org/apache/commons/math3/linear/ArrayRealVector
319,org/apache/commons/math3/optimization/linear/SimplexSolverTest
320,org/apache/commons/math3/exception/util/LocalizedFormats
320,org/apache/commons/math3/linear/ArrayRealVector
320,org/apache/commons/math3/optimization/linear/SimplexTableau
321,org/apache/commons/math3/exception/util/LocalizedFormats
321,org/apache/commons/math3/linear/ArrayRealVector
321,org/apache/commons/math3/optimization/linear/SimplexSolverTest
322,org/apache/commons/math3/exception/util/LocalizedFormats
322,org/apache/commons/math3/linear/ArrayRealVector
322,org/apache/commons/math3/optimization/linear/SimplexSolverTest
323,org/apache/commons/math3/exception/util/LocalizedFormats
323,org/apache/commons/math3/linear/Array2DRowRealMatrix
323,org/apache/commons/math3/linear/ArrayRealVector
323,org/apache/commons/math3/optimization/linear/SimplexSolverTest
324,org/apache/commons/math3/exception/util/LocalizedFormats
324,org/apache/commons/math3/optimization/linear/SimplexSolverTest
325,org/apache/commons/math3/exception/util/LocalizedFormats
325,org/apache/commons/math3/linear/ArrayRealVector
325,org/apache/commons/math3/optimization/linear/SimplexSolverTest
326,org/apache/commons/math3/exception/util/LocalizedFormats
327,org/apache/commons/math3/exception/util/LocalizedFormats
328,org/apache/commons/math3/exception/util/LocalizedFormats
328,org/apache/commons/math3/optimization/linear/SimplexTableau
329,org/apache/commons/math3/exception/util/LocalizedFormats
329,org/apache/commons/math3/linear/Array2DRowRealMatrix
330,org/apache/commons/math3/exception/util/LocalizedFormats
330,org/apache/commons/math3/optimization/linear/SimplexSolverTest
331,org/apache/commons/math3/exception/util/LocalizedFormats
331,org/apache/commons/math3/optimization/linear/SimplexSolverTest
332,org/apache/commons/math3/exception/util/LocalizedFormats
332,org/apache/commons/math3/optimization/linear/SimplexSolverTest
332,org/apache/commons/math3/optimization/linear/SimplexTableau
333,org/apache/commons/math3/exception/util/LocalizedFormats
333,org/apache/commons/math3/optimization/linear/SimplexSolverTest
333,org/apache/commons/math3/optimization/linear/SimplexTableau
334,org/apache/commons/math3/exception/util/LocalizedFormats
335,org/apache/commons/math3/exception/util/LocalizedFormats
335,org/apache/commons/math3/optimization/linear/SimplexSolverTest
336,org/apache/commons/math3/exception/util/LocalizedFormats
336,org/apache/commons/math3/optimization/linear/SimplexSolverTest
336,org/apache/commons/math3/optimization/linear/SimplexTableau
337,org/apache/commons/math3/exception/util/LocalizedFormats
337,org/apache/commons/math3/optimization/linear/SimplexSolverTest
337,org/apache/commons/math3/optimization/linear/SimplexTableau
338,org/apache/commons/math3/exception/util/LocalizedFormats
338,org/apache/commons/math3/optimization/linear/SimplexSolverTest
338,org/apache/commons/math3/optimization/linear/SimplexTableau
339,org/apache/commons/math3/exception/util/LocalizedFormats
339,org/apache/commons/math3/optimization/linear/SimplexSolverTest
339,org/apache/commons/math3/optimization/linear/SimplexTableau
340,org/apache/commons/math3/exception/util/LocalizedFormats
341,org/apache/commons/math3/exception/util/LocalizedFormats
342,org/apache/commons/math3/exception/util/LocalizedFormats
343,org/apache/commons/math3/exception/util/LocalizedFormats
344,org/apache/commons/math3/exception/util/LocalizedFormats
344,org/apache/commons/math3/optimization/linear/SimplexSolverTest
344,org/apache/commons/math3/optimization/linear/SimplexTableau
345,org/apache/commons/math3/exception/util/LocalizedFormats
345,org/apache/commons/math3/optimization/linear/SimplexSolverTest
345,org/apache/commons/math3/optimization/linear/SimplexTableau
346,org/apache/commons/math3/exception/util/LocalizedFormats
346,org/apache/commons/math3/optimization/linear/SimplexSolverTest
346,org/apache/commons/math3/optimization/linear/SimplexTableau
347,org/apache/commons/math3/exception/util/LocalizedFormats
347,org/apache/commons/math3/optimization/linear/SimplexSolverTest
347,org/apache/commons/math3/optimization/linear/SimplexTableau
348,org/apache/commons/math3/exception/util/LocalizedFormats
349,org/apache/commons/math3/exception/util/LocalizedFormats
349,org/apache/commons/math3/optimization/linear/SimplexSolverTest
350,org/apache/commons/math3/exception/util/LocalizedFormats
350,org/apache/commons/math3/optimization/linear/SimplexSolverTest
351,org/apache/commons/math3/exception/util/LocalizedFormats
351,org/apache/commons/math3/optimization/linear/SimplexTableau
352,org/apache/commons/math3/exception/util/LocalizedFormats
352,org/apache/commons/math3/optimization/linear/SimplexTableau
353,org/apache/commons/math3/exception/util/LocalizedFormats
353,org/apache/commons/math3/optimization/linear/SimplexTableau
354,org/apache/commons/math3/exception/util/LocalizedFormats
354,org/apache/commons/math3/optimization/linear/SimplexTableau
355,org/apache/commons/math3/optimization/linear/SimplexSolverTest
355,org/apache/commons/math3/optimization/linear/SimplexTableau
356,org/apache/commons/math3/optimization/linear/SimplexSolverTest
356,org/apache/commons/math3/optimization/linear/SimplexTableau
357,org/apache/commons/math3/optimization/linear/SimplexSolverTest
359,org/apache/commons/math3/optimization/linear/SimplexSolverTest
360,org/apache/commons/math3/optimization/linear/SimplexSolverTest
361,org/apache/commons/math3/optimization/linear/SimplexTableau
362,org/apache/commons/math3/optimization/linear/SimplexTableau
365,org/apache/commons/math3/optimization/linear/SimplexSolverTest
365,org/apache/commons/math3/optimization/linear/SimplexTableau
366,org/apache/commons/math3/optimization/linear/SimplexSolverTest
366,org/apache/commons/math3/optimization/linear/SimplexTableau
367,org/apache/commons/math3/exception/util/LocalizedFormats
367,org/apache/commons/math3/linear/MatrixUtils
367,org/apache/commons/math3/optimization/linear/SimplexSolverTest
368,org/apache/commons/math3/exception/util/LocalizedFormats
368,org/apache/commons/math3/linear/MatrixUtils
368,org/apache/commons/math3/optimization/linear/SimplexSolverTest
369,org/apache/commons/math3/optimization/linear/SimplexSolverTest
370,org/apache/commons/math3/optimization/linear/SimplexSolverTest
371,org/apache/commons/math3/optimization/linear/SimplexSolverTest
373,org/apache/commons/math3/optimization/linear/SimplexSolverTest
374,org/apache/commons/math3/linear/ArrayRealVector
374,org/apache/commons/math3/optimization/linear/SimplexSolverTest
374,org/apache/commons/math3/optimization/linear/SimplexTableau
375,org/apache/commons/math3/linear/ArrayRealVector
375,org/apache/commons/math3/optimization/linear/SimplexSolverTest
376,org/apache/commons/math3/optimization/linear/SimplexSolverTest
377,org/apache/commons/math3/linear/ArrayRealVector
377,org/apache/commons/math3/optimization/linear/SimplexSolverTest
378,org/apache/commons/math3/optimization/linear/SimplexSolverTest
379,org/apache/commons/math3/linear/MatrixUtils
379,org/apache/commons/math3/optimization/linear/SimplexSolverTest
380,org/apache/commons/math3/optimization/linear/SimplexSolverTest
382,org/apache/commons/math3/optimization/linear/SimplexTableau
383,org/apache/commons/math3/optimization/linear/SimplexTableau
384,org/apache/commons/math3/optimization/linear/SimplexTableau
385,org/apache/commons/math3/optimization/linear/SimplexSolverTest
385,org/apache/commons/math3/optimization/linear/SimplexTableau
387,org/apache/commons/math3/optimization/linear/SimplexSolverTest
388,org/apache/commons/math3/optimization/linear/SimplexSolverTest
388,org/apache/commons/math3/optimization/linear/SimplexTableau
389,org/apache/commons/math3/optimization/linear/SimplexSolverTest
390,org/apache/commons/math3/optimization/linear/SimplexSolverTest
392,org/apache/commons/math3/optimization/linear/SimplexSolverTest
393,org/apache/commons/math3/optimization/linear/SimplexSolverTest
394,org/apache/commons/math3/linear/MatrixUtils
394,org/apache/commons/math3/optimization/linear/SimplexSolverTest
395,org/apache/commons/math3/optimization/linear/SimplexSolverTest
396,org/apache/commons/math3/optimization/linear/SimplexSolverTest
397,org/apache/commons/math3/optimization/linear/SimplexSolverTest
397,org/apache/commons/math3/optimization/linear/SimplexTableau
398,org/apache/commons/math3/optimization/linear/SimplexTableau
399,org/apache/commons/math3/optimization/linear/SimplexTableau
401,org/apache/commons/math3/optimization/linear/SimplexTableau
402,org/apache/commons/math3/optimization/linear/SimplexSolverTest
402,org/apache/commons/math3/optimization/linear/SimplexTableau
403,org/apache/commons/math3/optimization/linear/SimplexSolverTest
403,org/apache/commons/math3/optimization/linear/SimplexTableau
404,org/apache/commons/math3/optimization/linear/SimplexSolverTest
404,org/apache/commons/math3/optimization/linear/SimplexTableau
405,org/apache/commons/math3/optimization/linear/SimplexTableau
406,org/apache/commons/math3/optimization/linear/SimplexSolverTest
406,org/apache/commons/math3/optimization/linear/SimplexTableau
407,org/apache/commons/math3/optimization/linear/SimplexSolverTest
407,org/apache/commons/math3/optimization/linear/SimplexTableau
408,org/apache/commons/math3/optimization/linear/SimplexSolverTest
409,org/apache/commons/math3/optimization/linear/SimplexTableau
410,org/apache/commons/math3/optimization/linear/SimplexTableau
413,org/apache/commons/math3/optimization/linear/SimplexSolverTest
414,org/apache/commons/math3/optimization/linear/SimplexTableau
415,org/apache/commons/math3/optimization/linear/SimplexTableau
418,org/apache/commons/math3/optimization/linear/SimplexTableau
420,org/apache/commons/math3/optimization/linear/SimplexTableau
421,org/apache/commons/math3/optimization/linear/SimplexTableau
426,org/apache/commons/math3/optimization/linear/SimplexTableau
437,org/apache/commons/math3/optimization/linear/SimplexSolverTest
438,org/apache/commons/math3/optimization/linear/SimplexSolverTest
439,org/apache/commons/math3/optimization/linear/SimplexSolverTest
439,org/apache/commons/math3/optimization/linear/SimplexTableau
440,org/apache/commons/math3/optimization/linear/SimplexSolverTest
440,org/apache/commons/math3/optimization/linear/SimplexTableau
441,org/apache/commons/math3/optimization/linear/SimplexSolverTest
442,org/apache/commons/math3/optimization/linear/SimplexSolverTest
443,org/apache/commons/math3/optimization/linear/SimplexSolverTest
444,org/apache/commons/math3/optimization/linear/SimplexSolverTest
445,org/apache/commons/math3/optimization/linear/SimplexSolverTest
446,org/apache/commons/math3/optimization/linear/SimplexSolverTest
447,org/apache/commons/math3/optimization/linear/SimplexSolverTest
448,org/apache/commons/math3/linear/ArrayRealVector
448,org/apache/commons/math3/optimization/linear/SimplexSolverTest
449,org/apache/commons/math3/linear/ArrayRealVector
449,org/apache/commons/math3/optimization/linear/SimplexSolverTest
450,org/apache/commons/math3/linear/ArrayRealVector
450,org/apache/commons/math3/optimization/linear/SimplexSolverTest
451,org/apache/commons/math3/linear/ArrayRealVector
451,org/apache/commons/math3/optimization/linear/SimplexSolverTest
452,org/apache/commons/math3/linear/ArrayRealVector
452,org/apache/commons/math3/optimization/linear/SimplexSolverTest
453,org/apache/commons/math3/linear/ArrayRealVector
453,org/apache/commons/math3/optimization/linear/SimplexSolverTest
454,org/apache/commons/math3/optimization/linear/SimplexSolverTest
455,org/apache/commons/math3/linear/ArrayRealVector
455,org/apache/commons/math3/optimization/linear/SimplexSolverTest
456,org/apache/commons/math3/optimization/linear/SimplexSolverTest
456,org/apache/commons/math3/optimization/linear/SimplexTableau
457,org/apache/commons/math3/optimization/linear/SimplexSolverTest
458,org/apache/commons/math3/optimization/linear/SimplexSolverTest
459,org/apache/commons/math3/optimization/linear/SimplexSolverTest
460,org/apache/commons/math3/optimization/linear/SimplexSolverTest
461,org/apache/commons/math3/optimization/linear/SimplexSolverTest
462,org/apache/commons/math3/optimization/linear/SimplexSolverTest
463,org/apache/commons/math3/optimization/linear/SimplexSolverTest
464,org/apache/commons/math3/optimization/linear/SimplexSolverTest
465,org/apache/commons/math3/optimization/linear/SimplexSolverTest
465,org/apache/commons/math3/optimization/linear/SimplexTableau
466,org/apache/commons/math3/optimization/linear/SimplexSolverTest
467,org/apache/commons/math3/optimization/linear/SimplexSolverTest
468,org/apache/commons/math3/optimization/linear/SimplexSolverTest
469,org/apache/commons/math3/optimization/linear/SimplexSolverTest
470,org/apache/commons/math3/optimization/linear/SimplexSolverTest
471,org/apache/commons/math3/optimization/linear/SimplexSolverTest
472,org/apache/commons/math3/optimization/linear/SimplexSolverTest
473,org/apache/commons/math3/optimization/linear/SimplexSolverTest
473,org/apache/commons/math3/optimization/linear/SimplexTableau
474,org/apache/commons/math3/optimization/linear/SimplexSolverTest
475,org/apache/commons/math3/optimization/linear/SimplexSolverTest
476,org/apache/commons/math3/optimization/linear/SimplexSolverTest
477,org/apache/commons/math3/optimization/linear/SimplexSolverTest
478,org/apache/commons/math3/linear/AbstractRealMatrix
478,org/apache/commons/math3/optimization/linear/SimplexSolverTest
479,org/apache/commons/math3/optimization/linear/SimplexSolverTest
480,org/apache/commons/math3/optimization/linear/SimplexSolverTest
481,org/apache/commons/math3/optimization/linear/SimplexSolverTest
482,org/apache/commons/math3/optimization/linear/SimplexSolverTest
482,org/apache/commons/math3/optimization/linear/SimplexTableau
483,org/apache/commons/math3/linear/AbstractRealMatrix
483,org/apache/commons/math3/optimization/linear/SimplexSolverTest
484,org/apache/commons/math3/linear/AbstractRealMatrix
484,org/apache/commons/math3/optimization/linear/SimplexSolverTest
485,org/apache/commons/math3/linear/AbstractRealMatrix
485,org/apache/commons/math3/optimization/linear/SimplexSolverTest
486,org/apache/commons/math3/optimization/linear/SimplexSolverTest
487,org/apache/commons/math3/optimization/linear/SimplexSolverTest
488,org/apache/commons/math3/optimization/linear/SimplexSolverTest
489,org/apache/commons/math3/linear/AbstractRealMatrix
489,org/apache/commons/math3/optimization/linear/SimplexSolverTest
490,org/apache/commons/math3/linear/AbstractRealMatrix
490,org/apache/commons/math3/optimization/linear/SimplexSolverTest
491,org/apache/commons/math3/optimization/linear/SimplexSolverTest
492,org/apache/commons/math3/optimization/linear/SimplexSolverTest
493,org/apache/commons/math3/optimization/linear/SimplexSolverTest
494,org/apache/commons/math3/optimization/linear/SimplexSolverTest
495,org/apache/commons/math3/optimization/linear/SimplexSolverTest
496,org/apache/commons/math3/optimization/linear/SimplexSolverTest
497,org/apache/commons/math3/optimization/linear/SimplexSolverTest
498,org/apache/commons/math3/optimization/linear/SimplexSolverTest
499,org/apache/commons/math3/optimization/linear/SimplexSolverTest
500,org/apache/commons/math3/optimization/linear/SimplexSolverTest
500,org/apache/commons/math3/optimization/linear/SimplexTableau
501,org/apache/commons/math3/optimization/linear/SimplexSolverTest
502,org/apache/commons/math3/optimization/linear/SimplexSolverTest
503,org/apache/commons/math3/optimization/linear/SimplexSolverTest
504,org/apache/commons/math3/optimization/linear/SimplexSolverTest
505,org/apache/commons/math3/optimization/linear/SimplexSolverTest
506,org/apache/commons/math3/optimization/linear/SimplexSolverTest
507,org/apache/commons/math3/optimization/linear/SimplexSolverTest
508,org/apache/commons/math3/optimization/linear/SimplexSolverTest
508,org/apache/commons/math3/optimization/linear/SimplexTableau
509,org/apache/commons/math3/optimization/linear/SimplexSolverTest
510,org/apache/commons/math3/optimization/linear/SimplexSolverTest
511,org/apache/commons/math3/optimization/linear/SimplexSolverTest
512,org/apache/commons/math3/optimization/linear/SimplexSolverTest
513,org/apache/commons/math3/optimization/linear/SimplexSolverTest
514,org/apache/commons/math3/linear/AbstractRealMatrix
514,org/apache/commons/math3/optimization/linear/SimplexSolverTest
515,org/apache/commons/math3/linear/AbstractRealMatrix
515,org/apache/commons/math3/optimization/linear/SimplexSolverTest
516,org/apache/commons/math3/linear/AbstractRealMatrix
516,org/apache/commons/math3/optimization/linear/SimplexSolverTest
516,org/apache/commons/math3/optimization/linear/SimplexTableau
517,org/apache/commons/math3/linear/AbstractRealMatrix
517,org/apache/commons/math3/optimization/linear/SimplexSolverTest
518,org/apache/commons/math3/linear/AbstractRealMatrix
518,org/apache/commons/math3/optimization/linear/SimplexSolverTest
519,org/apache/commons/math3/optimization/linear/SimplexSolverTest
520,org/apache/commons/math3/optimization/linear/SimplexSolverTest
521,org/apache/commons/math3/linear/AbstractRealMatrix
521,org/apache/commons/math3/optimization/linear/SimplexSolverTest
522,org/apache/commons/math3/optimization/linear/SimplexSolverTest
523,org/apache/commons/math3/optimization/linear/SimplexSolverTest
524,org/apache/commons/math3/optimization/linear/SimplexSolverTest
525,org/apache/commons/math3/optimization/linear/SimplexSolverTest
526,org/apache/commons/math3/linear/Array2DRowRealMatrix
526,org/apache/commons/math3/optimization/linear/SimplexSolverTest
527,org/apache/commons/math3/linear/RealVector
527,org/apache/commons/math3/optimization/linear/SimplexSolverTest
528,org/apache/commons/math3/optimization/linear/SimplexSolverTest
529,org/apache/commons/math3/optimization/linear/SimplexSolverTest
530,org/apache/commons/math3/optimization/linear/SimplexSolverTest
531,org/apache/commons/math3/optimization/linear/SimplexSolverTest
533,org/apache/commons/math3/optimization/linear/SimplexSolverTest
534,org/apache/commons/math3/optimization/linear/SimplexSolverTest
535,org/apache/commons/math3/optimization/linear/SimplexSolverTest
539,org/apache/commons/math3/optimization/linear/SimplexTableau
544,org/apache/commons/math3/optimization/linear/SimplexSolverTest
545,org/apache/commons/math3/optimization/linear/SimplexSolverTest
546,org/apache/commons/math3/optimization/linear/SimplexSolverTest
547,org/apache/commons/math3/optimization/linear/SimplexTableau
548,org/apache/commons/math3/optimization/linear/SimplexSolverTest
549,org/apache/commons/math3/optimization/linear/SimplexSolverTest
554,org/apache/commons/math3/optimization/linear/SimplexSolverTest
555,org/apache/commons/math3/optimization/linear/SimplexSolverTest
555,org/apache/commons/math3/optimization/linear/SimplexTableau
557,org/apache/commons/math3/optimization/linear/SimplexSolverTest
558,org/apache/commons/math3/optimization/linear/SimplexSolverTest
559,org/apache/commons/math3/optimization/linear/SimplexSolverTest
560,org/apache/commons/math3/optimization/linear/SimplexSolverTest
561,org/apache/commons/math3/optimization/linear/SimplexSolverTest
562,org/apache/commons/math3/optimization/linear/SimplexSolverTest
563,org/apache/commons/math3/optimization/linear/SimplexSolverTest
565,org/apache/commons/math3/optimization/linear/SimplexSolverTest
623,org/apache/commons/math3/linear/ArrayRealVector
629,org/apache/commons/math3/linear/ArrayRealVector
733,org/apache/commons/math3/linear/ArrayRealVector
763,org/apache/commons/math3/linear/ArrayRealVector
3002,org/apache/commons/math3/util/FastMath
3020,org/apache/commons/math3/util/FastMath
